{"accuracy": [0.4891386330127716, 0.7947791218757629, 0.8718827962875366, 0.9129383563995361, 0.932598352432251, 0.9488726258277893, 0.961320161819458, 0.9658581614494324, 0.9729995131492615, 0.9749768972396851], "loss": [1.766723871231079, 0.6522012948989868, 0.39822065830230713, 0.2692294418811798, 0.20057067275047302, 0.1524907946586609, 0.11767653375864029, 0.10062254220247269, 0.0799812376499176, 0.073162741959095], "val_accuracy": [0.7781128883361816, 0.8693944811820984, 0.9054176807403564, 0.9132142066955566, 0.9343842267990112, 0.9503186941146851, 0.9585135579109192, 0.9635215401649475, 0.9585704803466797, 0.954245388507843], "val_loss": [0.7153806686401367, 0.40135806798934937, 0.2897111177444458, 0.26959744095802307, 0.20759114623069763, 0.15976783633232117, 0.1300167292356491, 0.12214978784322739, 0.1284308135509491, 0.14885877072811127]}